Department,JobTitle
Information Technology,Cloud Engineer
Information Technology,Solutions Architect
Information Technology,Network Engineer
Information Technology,Desktop Support Engineer
Information Technology,Technical Specialist
Information Technology,Application Developer
Information Technology,Website Developer
Information Technology,Business Analyst
Human Resources,Administrator
Human Resources,Staffing Coordinator
Human Resources,Human Resources Analyst
Human Resources,Personnel Manager
Human Resources,Director of Human Resources
Human Resources,Recruiter
Information Technology,Database Administrator
Information Technology,Cyber Security Specialist
Information Technology,Data Scientist
Information Technology,IT Manager
Research and Development,Lab Technician
Research and Development,Bioanalytical Scientist
Research and Development,Cell Biology Scientist
Research and Development,Clinical Pharmacology Professor
Research and Development,Environmental Scientist
Research and Development,Field Technician
Research and Development,Immunology Scientist
Research and Development,Laboratory Technician
Research and Development,Molecular Scientist
Marketing,Marketing Analyst
Marketing,Marketing Co-ordinator
Marketing,Account Manager
Marketing,Consultant
Marketing,Brand Strategist
Marketing,Content Writer
Marketing,SEO Specialist
Finance,Chief Financial Officer
Finance,Account Broker
Finance,Appraiser
Finance,Credit Analyst
Finance,Customer Service - Finance
Finance,Credit Controller
Finance,Accounting Manager
Finance,Treasurer
Manufacturing,Process Control Technician
Manufacturing,Assembler
Manufacturing,Fabricator
Manufacturing,Packaging Engineer
Manufacturing,Warehouse Engineer
Manufacturing,Woodworker
Manufacturing,CNC Machinist
